id;nombre;apellido;email;telefono;fecha_nacimiento
1;free furthermore litter;vivaciously uh-huh;Zachary.Walsh9@hotmail.com;horst;2026-09-22
2;versus equally;painfully yearly;Nyah.Pfannerstill44@hotmail.com;very;2026-09-22
3;decision;even astride inside;Abel_Rolfson@hotmail.com;hm knotty;2026-09-23
4;and;tiny judgementally;Bethany6@gmail.com;and equate courtroom;2026-09-22
5;riser frozen tomorrow;rich behind;Estelle78@gmail.com;bah by besides;2026-09-22
6;of anti;whereas opposite hence;Pete_Marquardt29@hotmail.com;wherever;2026-09-22
7;lieu whereas wherever;arrogantly;Miriam_Ondricka7@yahoo.com;unnaturally worse oof;2026-09-22
8;readmit airport mask;since;Ignacio17@yahoo.com;creamy;2026-09-22
9;yuck although opposite;palatable;Estel.Mante@yahoo.com;oh bidet;2026-09-22
10;versus towards;hence wicked;Alma67@gmail.com;wherever modulo;2026-09-22
